Ahearn|Ahearne|Beirne|Berne|Boyle|Braden|Brady|Brannon|Breen|Brennan|Brogan|Buckley|Burns|Butler|Byrne|Byrnes|Callaghan|Callahan|Caomhánach|Carey|Carmody|Carran|Carroll|Cary|Casey|Cassidy|Cavan|Cavanagh|Cavanah|Cavanaugh|Cavey|Cleary|Clery|Cody|Coghlan|Coleman|Collins|Connell|Connelly|Connolly|Connor|Cooney|Corcoran|Coughlan|Coughlin|Cullen|Cummins|Curran|Daley|Daly|Daugherty|Davin|Deasmhumhain|Deasún|Delaney|Delany|Dempsey|Dermott|Desmond|Devin|Devine|Devlin|Doherty|Dolan|Donaghue|Donne|Donnell|Donnelly|Donoghue|Donohoe|Donohue|Donovan|Doran|Dougherty|Doyle|Driscoll|Duane|Duffy|Duffy|Dunn|Durnin|Fannon|Farrell|Ferguson|Finn|Finnegan|Finnin|Fitzgerald|Fitzpatrick|Fitzsimmons|Flanagan|Flanagon|Flynn|Foley|Friel|Fylan|Gallagher|Gorman|Guinness|Haden|Halloran|Hanegan|Hanigan|Hannigan|Hannigen|Hayden|Hayes|Hearn|Heffernan|Hickey|Higgins|Hines|Hogan|Hughes|Hyland|Hynes|Ivers|Kavanagh|Kavanah|Kavanaugh|Kearney|Keefe|Keegan|Kelley|Kelly|Kennedy|Kilduff|Killough|Lane |Lannon|Leary|Lennon|Lynch|Mac Alastair|Mac An Aba|Mac An Bhaird|Mac An Tsagairt|Mac Aodha|Mac Aodhagáin|Mac Branain|Macbride|Mac Cába|Maccailín|Maccarrick|Maccarthy|Mac Cléirich|Macclellan|Macclelland|Macclery|Mac Cnáimhín|Mac Conmara|Macconnell|Mac Cormaic|Maccoughlan|Mac Daibhéid|Macdermott|Mac Dhuibhinse|Mac Diarmada|Mac Domhnaill|Mac Duibhshíthe|Mac Eoghain|Macfarland|Macfarlane|Mac Ghabhann|Macginnis|Mac Giolla Bhrighde|Mac Giolla Dhuibh|Mac Giolla Eoin|Mac Giolla Fhaoláin|Macgowan|Macgrory|Macguinness|Macguire|Maciomhair|Maciver|Mackay|Maclean|Mac Maghnuis|Macmathan|Mac Mathghamhna|Mac Naoimhín|Mac Neachtain|Macneil|Mac Néill|Macnevin|Mac Niadh|Mac Niall|Mac Pharlain|Macqueen|Macrae|Mac Reachtain|Mac Ruaidhrí|Macshuibhne|Mac Síthigh|Mac Thaidhg|Mac Uileagóid|Madden|Madigan|Mag Aonghuis|Magee|Magorian|Mag Raith|Mag Shamhradháin|Mag Uidhir|Maguire|Mahoney|Malley|Mallon|Malloye|Malone|Markey|Mcadams|Mcafee|Mcalister|Mcbride|Mccabe|Mccaig|Mccleary|Mcclellan|Mcclelland|Mcconnell|Mccormick|Mccracken|Mccrae|Mccreery|Mccrory|Mccune|Mcdermott|Mcdevitt|Mcelligott|Mcfarland|Mcfarlane|Mcfee|Mcgee|Mcgill|Mcginnis|Mcgovern|Mcgowan|Mcguinness|Mcguire|Mciver|Mckay|Mckowen|Mclain|Mclean|Mcmahon|Mcmanus|Mcnab|Mcnabb|Mcnamara|Mcnaughton|Mcneal|Mcnee|Mcneil|Mcneill|Mcniall|Mcniel|Mcniven|Mcphee|Mcqueen|Mcrae|Mcreynolds|Mcsheehy|Mctaggart|Meaney|Milligan|Mitchell|Moffett|Mohan|Mollown|Molloy|Moloney|Monaghan|Monahan|Mooney|Moriarty|Morris|Mullane|Mullen|Mulligan|Mullins|Mulloy|Mulrennan|Mulryan|Murdock|Murphy|Neil|Neville|Nevin|Nevin|Newell|Niven|Nolan|Ó Baoghill|O'Beirne|O'Berne|O'Boyle|Ó Brádaigh|Ó Bradáin|Ó Braoin|Ó Braonáin|Ó Briain|O'Brian|O'Brien|Ó Broin|Ó Buachalla|O'Byrne|Ó Caiside|O'Callaghan|Ó Caoimh|Ó Caoimháin|Ó Caoindealbháin|Ó Catháin|Ó Cathasaigh|Ó Ceallacháin|Ó Ceallaigh|Ó Cearmada|Ó Ceithearnaigh|Ó Ciardha|Ó Cinnéidigh|Ó Cléirigh|O'Clery|Ó Cnáimhín|Ó Cochláin|Ó Coigligh|Ó Coileáin|Ó Conaill|Ó Conchobhair|Ó Conghalaigh|O'Connell|O'Connor|Ó Corcráin|Ó Corraidhín|Ó Cuana|Ó Cuidighthigh|Ó Cuilinn|Ó Cuinn|Ó Dálaigh|Ó Damháin|Ó Deoráin|Ó Díomasaigh|Ó Dochartaigh|Ó Doibhilin|Ó Doirnáin|Ó Domhnaill|Ó Donnchadha|Ó Donndubháin|O'Donnell|Ó Donnghaile|O'Doyle|Ó Dubháin|Ó Dubhghaill|Ó Dubhshláin|Ó Dubhshláine|Ó Dubhthaigh|Ó Faoláin|Ó Fearghail|Ó Fionnagáin|Ó Fionnáin|Ó Flannagáin|Ó Floinn|Ó Frighil|Ó Gallchobhair|Ó Gormáin|O'Gorman|Ó Hallmhuráin|O'Hanegan|O'Hanigan|O'Hannagain|Ó Hannagáin|O'Hannagan|O'Hannegan|O'Hannigain|O'Hannigan|Ó Haodha|O'Hara|Ó Heachthighearna|Ó Heaghra|O'Hearn|Ó Héideáin|Ó Heidhin|Ó Héidín|Ó Heidirsceóil|Ó Hícidhe|Ó Hifearnáin|Ó Hógáin|Ó Huiginn|O'Kane|O'Keefe|Ó Laoghaire|Ó Leannáin|O'Leary|Ó Loingsigh|Ó Luain|Ó Madaidhín|Ó Máille|O'Malley|Ó Manacháin|Ó Maoil Eoin|Ó Maoil Riain|Ó Maoilsheachlainn|Ó Maoláin|Ó Maol Aodha|Ó Maol Dhomhnaigh|Ó Maolmhuaidh|Ó Maonaigh|Ó Marcaigh|Ó Mathghamhna|Ó Meadhra|Ó Meara|Ó Mocháin|O'Mooney|Ó Muircheartach|Ó Murchadha|O'Neal|O'Neill|Ó Néill|O'Niall|Ó Nualláin|Ó Rabhartaigh|Ó Raghailligh|O'Reilly|Ó Ríagáin|Ó Riain|Ó Rinn|Orman|Ormond|Ormonde|Ó Rodagh|Ó Ruadháin|Ó Ruaidh|Ó Scolaidhe|Ó Séaghdha|Ó Seanáin|Ó Seighin|O'Shea|Ó Síoda|Ó Sirideáin|Ó Suaird|Ó Súileabháin|O'Sullivan|Ó Tadhgáin|Ó Taidhg|Ó Tíghearnaigh|O'Toole|Ó Treasaigh|Ó Tuathail|Quickley|Quigg|Quigley|Quinlan|Quinn|Quirk|Quirke|Rafferty|Reagan|Regan|Reilly|Riley|Rinne|Rowan|Rowe|Ruane|Ryan|Scully|Seward |Shannon|Shea|Sheach|Sheedy|Sheehy|Sheenan|Sheridan|Shine|Slane|Sloan|Sloane|Sullivan|Taggart|Teagan|Teague|Tierney|Tighe|Toole|Tracey|Tracy|Treacy|Vincent|Wallace|Walsh|Ward|Whalen|Whelan  
Abbán|Aengus|Aidan|Ailbhe|Ailill|Alby|Angus|Aodh|Aodhagán|Aodhán|Aonghus|Aran|Ardal|Ardghal|Bairre|Barra|Barrfhionn|Barrfind|Barrie|Barry|Bearach|Berach|Brádach|Braden|Brady|Bran|Breandán|Brendan|Brendanus|Brennan|Brian|Brogan|Cahal|Cahir|Cainneach|Cairbre|Calbhach|Calvagh|Caoimhín|Caolán|Carbrey|Carbry|Carey|Carrol|Carroll|Cárthach|Casey|Cathair|Cathal|Cathán|Cathaoir|Ceallach|Ceallachán|Ceallagh|Cearbhall|Cennétig|Cian|Cianán|Ciar|Ciarán|Ciardha|Cillian|Cillín|Cináed|Cionaodh|Clancy|Cody|Cóemgein|Coilean|Colin|Comgal|Comgall|Comgan|Comhghall|Comhghán|Conall|Conan|Conchobhar|Conchúr|Conleth|Conley|Conn|Connor|Conor|Conrí|Cormac|Cowal|Cuán|Dáire|Dáithí|Daithí|Dálach|Daley|Daly|Damhán|Dara|Darach|Daragh|Darragh|Deasún|Declan|Dermot|Derry|Desmond|Devin|Diarmaid|Diarmuid|Domhnall|Domnall|Donagh|Dónal|Donal|Donnchadh|Donovan|Doran|Dougal|Doyle|Driscoll|Duane|Dubhán|Dubhghall|Eachann|Éanna|Edan|Éibhear|Éibhir|Éimhín|Enda|Énna|Ennis|Fachtna|Faolán|Farquhar|Fearchar|Feardorcha|Fearghal|Fearghas|Fechín|Feichín|Feidhlim|Feidhlimidh|Felim|Fergal|Fergus|Fiachna|Fiachra|Fillin|Finbar|Finbarr|Finlay|Finley|Finn|Finnagán|Finnán|Finnbar|Finnbarr|Finnegan|Finnén|Finnian|Fintan|Fion|Fionn|Fionnán|Fionnbarra|Fionnbharr|Fionnlagh|Fionntan|Flaithrí|Flann|Flannán|Florry|Flurry|Gallagher|Gallchobhar|Garbhán|Garvan|Gilroy|Gobán|Grady|Heber|Iarfhlaith|Iarlaith|Jarlath|Kane|Kean|Keane|Keefe|Keegan|Keelan|Keenan|Kelan|Kelly|Kennedy|Kevan|Kevin|Kieran|Kieron|Kilian|Killian|Kyran|Lachtna|Laoghaire|Leachlainn|Leary|Lomán|Lommán|Lonán|Lorcán|Lorccán|Mahon|Mainchín|Malachy|Mannix|Maolsheachlann|Mathúin|Meallán|Mellan|Muirchertach|Muireadhach|Muiredach|Murchadh|Murdoch|Murphy|Murrough|Murtagh|Naoise|Naomhán|Neil|Nevan|Niall|Nolan|Nollaig|Odhrán|Odran|Oisín|Oran|Orrin|Osheen|Phelan|Phelim|Quinn|Reagan|Rearden|Riagán|Rían|Ríoghnán|Riordan|Rónán|Rórdán|Rorie|Rory|Rowan|Ruadh|Ruadhán|Ruaidhrí|Ruaidrí|Ruairí|Ryan|Sé|Séaghdha|Seanán|Senán|Senan|Shay|Shea|Sítheach|Suibhne|Suibne|Sweeney|Tadg|Tadhg|Tadhgán|Teague|Teige|Teigue|Tiarnach|Tiarnán|Tiernan|Tierney|Tigernach|Tigernán|Tighe|Tighearnach|Tighearnán|Toal|Toirdhealbhach|Torin|Treasach|Tuathal|Turlough|Uaithne|Ultán
Aideen|Aifric|Aignéis|Ailbhe|Aileen|Ailís|Áine|Aingeal|Aislin|Aisling|Aislinn|Aithne|Alannah|Alastríona|Aoibhe|Aoibheann|Aoibhín|Aoife|Aran|Ashling|Assumpta|Báirbre|Bébhinn|Bébhionn|Bébinn|Bedelia|Béibhinn|Bevin|Biddy|Bidelia|Bláithín|Blanid|Bláthnaid|Bláthnat|Breda|Bree|Bríd|Bride|Bridget|Bridie|Brígh|Brighid|Brigid|Brogan|Brónach|Bronagh|Cáit|Caitlín|Caitlin|Caitria|Caitríona|Caoileann|Caoilfhionn|Caoilinn|Caoimhe|Carey|Casey|Cathleen|Catrina|Catriona|Chevonne|Ciannait|Ciara|Cleena|Clíodhna|Clíona|Clodagh|Concepta|Dáiríne|Damhnait|Darina|Dearbháil|Deirbhile|Deirdre|Delma|Derval|Dervila|Dervla|Devin|Devnet|Doireann|Dymphna|Dympna|Éabha|Eadan|Éadaoin|Eavan|Edna|Eibhlín|Eileen|Eilís|Eilish|Eimear|Éimhear|Eireann|Eireen|Eithne|Elva|Emer|Ena|Ennis|Enya|Erin|Étaín|Ethna|Ethne|Etna|Fedelma|Feidhelm|Fidelma|Finley|Finnguala|Finnuala|Finola|Fíona|Fionnghuala|Fionnuala|Fionola|Flann|Flannán|Gobinet|Gobnait|Gobnet|Gormflaith|Gormlaith|Gráinne|Grania|Granya|Honora|Íde|Immaculata|Isibéal|Ita|Iúile|Kathleen|Keavy|Keelan|Keelin|Keeva|Kelly|Kennedy|Kiera|Laoise|Léan|Líadáin|Líadan|Líle|Luíseach|Madailéin|Maeve|Máire|Mairéad|Mairenn|Máirín|Mallaidh|Maura|Maureen|Maurine|Mave|Mavourneen|Méabh|Meadhbh|Meave|Moira|Móirín|Mona|Monat|Mór|Moreen|Morna|Moyna|Moyra|Muadhnait|Muireann|Muirenn|Muirgel|Muirgen|Muirgheal|Muirín|Muriel|Murna|Murphy|Myrna|Nainsí|Naomh|Neasa|Neassa|Nessa|Neve|Niamh|Nóirín|Nola|Nollaig|Nóra|Nora|Norah|Noreen|Norene|Nuala|Odharnait|Onóra|Oona|Oonagh|Órfhlaith|Orla|Orlagh|Órlaith|Orna|Ornat|Pádraigín|Patsy|Quinn|Raghnailt|Ráichéal|Rathnait|Reagan|Ríona|Ríonach|Róis|Róisín|Ronit|Rosheen|Rowan|Sadb|Sadbh|Sadhbh|Saibh|Saoirse|Saraid|Séarlait|Shavonne|Shea|Sheila|Shevaun|Shevon|Sibéal|Síle|Síne|Sinéad|Siobhán|Siofra|Síomha|Síthmaith|Sive|Sláine|Sorcha|Talulla|Tierney|Toiréasa|Treasa|Úna